rank,title,author,state,price
#1,One: Simple One-Pan Wonders,Jamie Oliver,Hardcover,£5.94
#2,"The Ink Black Heart: Cormoran Strike, Book 6.",Robert Galbraith,Hardcover,£5.94
#3,The Paper Palace: The No.1 New York Times Bestseller and Reese Witherspoon Bookclub Pick,Miranda Cowley Heller,Paperback,£5.94
#4,It Ends With Us: The emotional #1 Sunday Times bestseller,Colleen Hoover,Paperback,£5.94
#5,The Bullet That Missed: (The Thursday Murder Club 3),Richard Osman,Hardcover,£5.94
#6,Act of Oblivion: The Thrilling new novel from the no. 1 bestseller Robert Harris,Robert Harris,Hardcover,£5.94
#7,How to Be Confident: The new book from the international number 1 bestselling author,James Smith,Hardcover,£5.94
#8,The Baddies: a wickedly funny picture book from the creators of The Gruffalo,Julia Donaldson,Hardcover,£5.94
#9,Verity: The thriller that will capture your heart and blow your mind,Colleen Hoover,Paperback,£5.94
#10,Seven Husbands of Evelyn Hugo: The Sunday Times Bestseller,Taylor Jenkins Reid,Paperback,£5.94
#11,Oxford English Mini Dictionary,Oxford Languages,Paperback,£5.94
#12,Why Has Nobody Told Me This Before?: The No 1 Sunday Times bestseller,Dr Julie Smith,Hardcover,£5.94
#13,Real Life Recipes: Budget-friendly recipes that work hard so you don't have to,Tom Kerridge,Hardcover,£5.94
#14,How to Live When You Could Be Dead,Deborah James,Hardcover,£5.94
#15,Reminders of Him: A Novel,Colleen Hoover,Paperback,£5.94
#16,"Twochubbycubs Dinner Time: Tasty, slimming dishes for every day of the week",James Anderson,Hardcover,£5.94
#17,Cook and Share: 120 Delicious New Fuss-free Recipes,Mary Berry,Hardcover,£5.94
#18,How To Kill Your Family: THE #1 SUNDAY TIMES BESTSELLER,Bella Mackie,Paperback,£5.94
#19,It Starts with Us,Colleen Hoover,Hardcover,£5.94
#20,An Inspector Calls (Heinemann Plays For 14-16+),J.B. Priestley,Hardcover,£5.94
#21,Diddly Squat: ‘Til The Cows Come Home,Jeremy Clarkson,Hardcover,£5.94
#22,"On the Farm: A Push, Pull, Slide Book (Campbell Axel Scheffler, 8)",Axel Scheffler,Board book,£5.94
#23,"ONE OF THE GIRLS: Escape to Greece with the hottest, gripping crime thriller for 2022 from the bestselling author of The Castaways",Lucy Clarke,Paperback,£5.94
#24,Where the Crawdads Sing,Delia Owens,Paperback,£5.94
#25,Ugly Love,Colleen Hoover,Paperback,£5.94
#26,Fairy Tale: Stephen King,Stephen King,Hardcover,£5.94
#27,"The Extremely Embarrassing Life of Lottie Brooks (Lottie Brooks, 1)",Katie Kirby,Paperback,£5.94
#28,Atomic Habits: the life-changing million-copy #1 bestseller,James Clear,Paperback,£5.94
#29,A Family Torn Apart: Three sisters and a dark secret that threatens to separate them for ever,Cathy Glass,Paperback,£5.94
#30,Nadiya’s Everyday Baking: Over 95 simple and delicious new recipes as featured in the BBC2 TV show,Nadiya Hussain,Hardcover,£5.94
#51,The Thursday Murder Club: (The Thursday Murder Club 1),Richard Osman,Paperback,£5.94
#52,The Rising Tide (Vera Stanhope),Ann Cleeves,Hardcover,£5.94
#53,Persiana Everyday: THE SUNDAY TIMES BESTSELLER,Sabrina Ghayour,Hardcover,£5.94
#54,The Girl Upstairs: An absolutely gripping psychological thriller debut with a jaw-dropping twist from a stunning new voice in crime fiction,Georgina Lees,Paperback,£5.94
#55,"The Boy, The Mole, The Fox and The Horse",Charlie Mackesy,Hardcover,£5.94
#56,"This Much is True: 'There's never been a memoir so packed with eye-popping, hilarious and candid stories' DAILY MAIL",Miriam Margolyes,Paperback,£5.94
#57,Apollo Remastered,Andy Saunders,Hardcover,£5.94
#58,The Midnight Library: The No.1 Sunday Times bestseller and worldwide phenomenon,Matt Haig,Paperback,£5.94
#59,Oxford Mini Dictionary and Thesaurus,Oxford Languages,Flexibound,£5.94
#60,The Marriage Portrait: THE BREATHTAKING NEW NOVEL FROM THE No. 1 BESTSELLING AUTHOR OF HAMNET,Maggie O'Farrell,Hardcover,£5.94
#61,Pearson Edexcel AS and A level Mathematics Pure Mathematics Year 1/AS Textbook + e-book (A level Maths and Further Maths 2017),Greg Attwood,Paperback,£5.94
#62,Bluey: Where's Bluey?: A Search-and-Find Book,Bluey,Paperback,£5.94
#63,Manifest: The Sunday Times bestseller that will change your life,Roxie Nafousi,Hardcover,£5.94
#64,On-Site Guide (BS 7671:2018+A2:2022) (Electrical Regulations),The Institution of Engineering and Technology,Spiral-bound,£5.94
#65,Air Fryer Cookbook For Beginners: Make The Most Of Your Air Fryer And Improve Your Diet,Lewis Smith,Paperback,£5.94
#66,The Very Hungry Caterpillar [Board Book]: Eric Carle,Eric Carle,Board book,£5.94
#67,"The Silent Patient: The Richard and Judy bookclub pick and Sunday Times Bestseller: The record-breaking, multimillion copy Sunday Times bestselling thriller and Richard & Judy book club pick",Alex Michaelides,Paperback,£5.94
#68,Babel: TikTok made me buy it! The most anticipated fantasy book of 2022,R.F. Kuang,Hardcover,£5.94
#69,Edexcel AS and A level Mathematics Statistics & Mechanics Year 1/AS Textbook + e-book,Greg Attwood,Paperback,£5.94
#70,The Subtle Art of Not Giving a F*ck: A Counterintuitive Approach to Living a Good Life,Mark Manson,Hardcover,£5.94
#71,"And Finally: Matters of Life and Death, from the bestselling author of DO NO HARM",Henry Marsh,Hardcover,£5.94
#72,"Pinch of Nom Comfort Food: 100 Slimming, Satisfying Recipes",Kay Allinson,Hardcover,£5.94
#73,Love on the Brain: From the bestselling author of The Love Hypothesis,Ali Hazelwood,Paperback,£5.94
#74,A Christmas Carol (Wordsworth Classics),Charles Dickens,Paperback,£5.94
#75,Who Are You Calling Vermin?,Pam Ayres,Hardcover,£5.94
#76,"The Catastrophic Friendship Fails of Lottie Brooks (Lottie Brooks, 2)",Katie Kirby,Paperback,£5.94
#77,The Wall: The Guide to Help You Smash Self-Doubt and Become the True You,Ant Middleton,Hardcover,£5.94
#78,Still Life: The instant Sunday Times bestseller and BBC Between the Covers Book Club pick,Sarah Winman,Paperback,£5.94
#79,Glucose Revolution: The life-changing power of balancing your blood sugar,Jessie Inchauspe,Paperback,£5.94
#80,All Your Perfects,Colleen Hoover,Paperback,£5.94
#101,Carrie Soto Is Back: From the Sunday Times bestselling author,Taylor Jenkins Reid,Hardcover,£5.94
#102,Where's Spidey?: A Marvel Spider-Man search & find book,Marvel Entertainment International Ltd,Paperback,£5.94
#103,The Beekeeper of Aleppo: The must-read million copy bestseller,Christy Lefteri,Paperback,£5.94
#104,The Book You Wish Your Parents Had Read (and Your Children Will Be Glad That You Did): THE #1 SUNDAY TIMES BESTSELLER,Philippa Perry,Paperback,£5.94
#105,Starting School,Allan Ahlberg,Paperback,£5.94
#106,"Oxford French Mini Dictionary: French-English, English-French/Francais-Anglais, Anglais-Francais",Oxford Languages,Flexibound,£5.94
#107,The Day I Fell Into a Fairytale: The bestselling classic adventure,Ben Miller,Paperback,£5.94
#108,AQA Psychology for A Level Year 1 & AS Student Book: 2nd Edition,Cara Flanagan,Paperback,£5.94
#109,SPACEBOY: The epic and hilarious new children’s book for 2022 from multi-million bestselling author David Walliams,David Walliams,Hardcover,£5.94
#110,"Heartstopper Volume 3: The million-copy bestselling series, now on Netflix!",Alice Oseman,Paperback,£5.94
#111,The 48 Laws Of Power: Robert Greene (The Modern Machiavellian Robert Greene),Robert Greene,Paperback,£5.94
#112,The BIG Metric Ninja Foodi Cookbook: Over 100 recipes using European measurements,David Small,Paperback,£5.94
#113,"Pinch of Nom Quick & Easy: 100 Delicious, Slimming Recipes",Kay Allinson,Hardcover,£5.94
#114,The Love Hypothesis: The Tiktok sensation and romcom of the year!,Ali Hazelwood,Paperback,£5.94
#115,Rich Dad Poor Dad: What the Rich Teach Their Kids About Money That the Poor and Middle Class Do Not!,Robert T. Kiyosaki,Mass Market Paperback,£5.94
#116,Our Class is a Family,Shannon Olsen,Paperback,£5.94
#117,Book Lovers: The newest laugh-out-loud summer romcom from Sunday Times bestselling author Emily Henry,Emily Henry,Paperback,£5.94
#118,"Heartstopper Volume 2: The million-copy bestselling series, now on Netflix!",Alice Oseman,Paperback,£5.94
#119,"Heartstopper Volume Four: The million-copy bestselling series, now on Netflix!",Alice Oseman,Paperback,£5.94
#120,"How to Clean Everything: A practical, down to earth guide for anyone who doesn't know where to start",Ann Russell,Hardcover,£5.94
#121,Hamlyn All Colour Cookery: 200 Slow Cooker Recipes: Hamlyn All Colour Cookbook,Sara Lewis,Paperback,£5.94
#122,The Invisible String: 1,Patrice Karst,Paperback,£5.94
#123,"Air Fryer Cookbook for Beginners: A Truly Healthy, Oil-Free Approach to Life & Food with 1000 Days of Budget-Friendly & Easy-Breezy Air Fryer Recipes for the Whole Family (Rachel's Cookbooks)",Rachel Vitale,Paperback,£5.94
#124,All Her Fault: The breathlessly twisty Sunday Times bestseller everyone is talking about,Andrea Mara,Paperback,£5.94
#125,The official DVSA theory test for car drivers,Driver and Vehicle Standards Agency,Paperback,£5.94
#126,Sorrow and Bliss: Shortlisted for the Women’s Prize for Fiction 2022,Meg Mason,Paperback,£5.94
#127,The Day The Crayons Quit,Drew Daywalt,Paperback,£5.94
#128,The Summer Book: Tove Jansson,Tove Jansson,Paperback,£5.94
#129,"The Tower Air Fryer Cookbook: 550 Easy Recipes to Fry, Bake, Grill, and Roast with Your Tower Air Fryer",Eve Quilty,Paperback,£5.94
#130,Macbeth (Cambridge School Shakespeare),William Shakespeare,Paperback,£5.94
#151,"The Fast 800 Recipe Book: Low-carb, Mediterranean style recipes for intermittent fasting and long-term health (The Fast 800 Series)",Dr Clare Bailey,Paperback,£5.94
#152,Intensity: Inside Liverpool FC: Our Story,Pep Lijnders,Hardcover,£5.94
#153,"Picture You Dead: The all new Roy Grace thriller from the number one bestseller Peter James... (Roy Grace, 18)",Peter James,Hardcover,£5.94
#154,The Dragon with the Blazing Bottom (A Very Fiery Fairy Tale),Beach,Paperback,£5.94
#155,"The Night She Disappeared: The addictive, No 1 bestselling Richard and Judy book club pick",Lisa Jewell,Paperback,£5.94
#156,Pearson Edexcel A level Mathematics Pure Mathematics Year 2 Textbook + e-book (A level Maths and Further Maths 2017),Greg Attwood,Paperback,£5.94
#157,The Boy At the Back of the Class: Onjali Rauf,Onjali Rauf,Paperback,£5.94
#158,Guess How Much I Love You,Sam McBratney,Board book,£5.94
#159,AQA Psychology for A Level Year 2 Student Book: 2nd Edition,Cara Flanagan,Paperback,£5.94
#160,Fighting Fantasy: Shadow of the Giants,Ian Livingstone,Paperback,£5.94
#161,"Squirrel's Snowman: A new Tales from Acorn Wood story (Tales From Acorn Wood, 6)",Julia Donaldson,Board book,£5.94
#162,The Colour Monster,Anna Llenas,Paperback,£5.94
#163,What Mummy Makes: Cook Just Once for You and Your Baby,Rebecca Wilson,Hardcover,£5.94
#164,Twisted Love: the TikTok sensation! Fall into a world of addictive romance...,Ana Huang,Paperback,£5.94
#165,Pearson Edexcel A level Mathematics Statistics & Mechanics Year 2 Textbook + e-book (A level Maths and Further Maths 2017),"4.7 out of 5 stars 1,200",Paperback,£5.94
#166,Ottolenghi SIMPLE,Yotam Ottolenghi,Hardcover,£5.94
#167,The American Roommate Experiment: From the bestselling author of The Spanish Love Deception,Elena Armas,Paperback,£5.94
#168,"In the Jungle: A Push, Pull, Slide Book (Campbell Axel Scheffler, 9)",Axel Scheffler,Board book,£5.94
#169,The Summer I Turned Pretty: Now a major TV series on Amazon Prime,Jenny Han,Paperback,£5.94
#170,Four Thousand Weeks: The smash-hit Sunday Times bestseller that will change your life,Oliver Burkeman,Paperback,£5.94
#171,Hopeless,Colleen Hoover,Paperback,£5.94
#172,Murder Before Evensong: The instant no. 1 Sunday Times bestseller (Canon Clement Mystery),Reverend Richard Coles,Hardcover,£5.94
#173,An Inspector Calls: Annotation-Friendly Edition,J B Priestley,Paperback,£5.94
#174,The Gruffalo and Friends Advent Calendar Book Collection (2022),Julia Donaldson,Hardcover,£5.94
#175,Twisted Lies: the TikTok sensation! Fall into a world of addictive romance...,Ana Huang,Paperback,£5.94
#176,"The Family Remains: the gripping Sunday Times No. 1 bestseller (The Family Upstairs, 2)",Lisa Jewell,Hardcover,£5.94
#177,"Until I Met You: The most heartwarming, escapist, romance of 2022. The perfect holiday debut by Love Island winner Amber Rose Gill",Amber Rose Gill,Paperback,£5.94
#178,"Pinch of Nom: 100 Slimming, Home-style Recipes",Kay Allinson,Hardcover,£5.94
#179,Fitwaffle’s Baking It Easy: All my best 3-ingredient recipes and most-loved cakes and desserts. THE SUNDAY TIMES BESTSELLER,Eloise Head,Hardcover,£5.94
#180,"Oh, The Places You'll Go! (Dr. Seuss)",Dr. Seuss,Paperback,£5.94
